actor,fname,true_emotion,audio_pred,audio_conf,video_pred,video_conf,fusion_pred,fusion_conf,audio_correct,video_correct,fusion_correct
Actor_01,03-01-01-01-01-01-01.wav,neutral,neutral,0.2293859869241714,neutral,0.9973734617233276,neutral,0.9999020099639891,1,1,1
Actor_01,03-01-01-01-01-02-01.wav,neutral,neutral,0.2158762663602829,neutral,0.5007403492927551,neutral,0.9760379791259766,1,1,1
Actor_01,03-01-01-01-02-01-01.wav,neutral,neutral,0.2376915365457534,neutral,0.5628288388252258,neutral,0.9978281855583192,1,1,1
Actor_01,03-01-01-01-02-02-01.wav,neutral,neutral,0.2737683057785034,neutral,0.9971582889556884,neutral,0.9997965693473816,1,1,1
Actor_01,03-01-02-01-01-01-01.wav,calm,calm,0.1826570183038711,calm,0.9990752935409546,calm,0.9957271814346312,1,1,1
Actor_01,03-01-02-01-01-02-01.wav,calm,calm,0.2778098285198211,calm,0.9985637068748474,calm,0.9968340992927552,1,1,1
Actor_01,03-01-02-01-02-01-01.wav,calm,calm,0.1869561374187469,calm,0.9994086027145386,calm,0.9988012313842772,1,1,1
Actor_01,03-01-02-01-02-02-01.wav,calm,neutral,0.2081713378429412,calm,0.983115017414093,calm,0.9499393701553344,0,1,1
Actor_01,03-01-02-02-01-01-01.wav,calm,calm,0.3305853903293609,calm,0.9975714087486268,calm,0.99457186460495,1,1,1
Actor_01,03-01-02-02-01-02-01.wav,calm,calm,0.40977543592453,calm,0.9925506114959716,calm,0.9619379639625548,1,1,1
Actor_01,03-01-02-02-02-01-01.wav,calm,calm,0.4803714752197265,calm,0.9988481998443604,calm,0.9995094537734984,1,1,1
Actor_01,03-01-02-02-02-02-01.wav,calm,calm,0.3979392945766449,calm,0.9988715052604676,calm,0.9996812343597412,1,1,1
Actor_01,03-01-03-01-01-01-01.wav,happy,sad,0.1750825941562652,happy,0.9991914629936218,happy,0.9993209838867188,0,1,1
Actor_01,03-01-03-01-01-02-01.wav,happy,sad,0.1849969178438186,happy,0.998358428478241,happy,0.9987778067588806,0,1,1
Actor_01,03-01-03-01-02-01-01.wav,happy,sad,0.1874639689922332,happy,0.997056484222412,happy,0.9986187219619752,0,1,1
Actor_01,03-01-03-01-02-02-01.wav,happy,disgust,0.2400213479995727,happy,0.9980130195617676,happy,0.999167799949646,0,1,1
Actor_01,03-01-03-02-01-01-01.wav,happy,disgust,0.2234739065170288,happy,0.9981389045715332,happy,0.9990133047103882,0,1,1
Actor_01,03-01-03-02-01-02-01.wav,happy,sad,0.205586090683937,happy,0.9978678226470948,happy,0.9982187151908876,0,1,1
Actor_01,03-01-03-02-02-01-01.wav,happy,disgust,0.3596542179584503,happy,0.9980708956718444,happy,0.9994268417358398,0,1,1
Actor_01,03-01-03-02-02-02-01.wav,happy,disgust,0.3781640231609344,happy,0.9738429188728333,happy,0.983468532562256,0,1,1
Actor_01,03-01-04-01-01-01-01.wav,sad,calm,0.3285793960094452,sad,0.9978156089782716,sad,0.9968216419219972,0,1,1
Actor_01,03-01-04-01-01-02-01.wav,sad,calm,0.1947562843561172,sad,0.9993628859519958,sad,0.999929428100586,0,1,1
Actor_01,03-01-04-01-02-01-01.wav,sad,neutral,0.1868111342191696,sad,0.9983779191970824,sad,0.9995525479316713,0,1,1
Actor_01,03-01-04-01-02-02-01.wav,sad,neutral,0.2228808552026748,sad,0.998691976070404,sad,0.9994062185287476,0,1,1
Actor_01,03-01-04-02-01-01-01.wav,sad,calm,0.3096251189708709,sad,0.9988914132118224,sad,0.9999114274978638,0,1,1
Actor_01,03-01-04-02-01-02-01.wav,sad,disgust,0.2610156834125519,sad,0.9980417490005492,sad,0.9995515942573548,0,1,1
Actor_01,03-01-04-02-02-01-01.wav,sad,disgust,0.2640065252780914,sad,0.9989715814590454,sad,0.9997768998146056,0,1,1
Actor_01,03-01-04-02-02-02-01.wav,sad,disgust,0.2780157327651977,sad,0.9990799427032472,sad,0.9998658895492554,0,1,1
Actor_01,03-01-05-01-01-01-01.wav,angry,disgust,0.3450088798999786,angry,0.9972411394119264,angry,0.9998458623886108,0,1,1
Actor_01,03-01-05-01-01-02-01.wav,angry,disgust,0.3803859651088714,angry,0.997533082962036,angry,0.9998214840888976,0,1,1
Actor_01,03-01-05-01-02-01-01.wav,angry,happy,0.1649374067783355,angry,0.9971030354499816,angry,0.9996718168258668,0,1,1
Actor_01,03-01-05-01-02-02-01.wav,angry,disgust,0.2802245020866394,angry,0.9098019599914552,angry,0.9904462099075316,0,1,1
Actor_01,03-01-05-02-01-01-01.wav,angry,angry,0.4086758494377136,angry,0.9981949925422668,angry,0.9998571872711182,1,1,1
Actor_01,03-01-05-02-01-02-01.wav,angry,disgust,0.3172505497932434,angry,0.9987053871154784,angry,0.9999420642852784,0,1,1
Actor_01,03-01-05-02-02-01-01.wav,angry,disgust,0.3067257702350616,angry,0.9983299374580384,angry,0.999936819076538,0,1,1
Actor_01,03-01-05-02-02-02-01.wav,angry,angry,0.5144079923629761,angry,0.9990565180778505,angry,0.9999830722808838,1,1,1
Actor_01,03-01-06-01-01-01-01.wav,fearful,calm,0.2420593649148941,fearful,0.9959302544593812,fearful,0.9999139308929444,0,1,1
Actor_01,03-01-06-01-01-02-01.wav,fearful,disgust,0.1889052093029022,fearful,0.996462881565094,fearful,0.999951958656311,0,1,1
Actor_01,03-01-06-01-02-01-01.wav,fearful,sad,0.2170393168926239,fearful,0.996487021446228,fearful,0.9999377727508544,0,1,1
Actor_01,03-01-06-01-02-02-01.wav,fearful,calm,0.2589947879314422,fearful,0.8268510103225708,fearful,0.96685791015625,0,1,1
Actor_01,03-01-06-02-01-01-01.wav,fearful,disgust,0.4326687753200531,fearful,0.9963020086288452,fearful,0.99995756149292,0,1,1
Actor_01,03-01-06-02-01-02-01.wav,fearful,sad,0.3434359729290008,fearful,0.9968981742858888,fearful,0.9999669790267944,0,1,1
Actor_01,03-01-06-02-02-01-01.wav,fearful,sad,0.355340301990509,fearful,0.9960827827453612,fearful,0.9999581575393676,0,1,1
Actor_01,03-01-06-02-02-02-01.wav,fearful,sad,0.3176817595958709,fearful,0.9914360642433168,fearful,0.9998699426651,0,1,1
Actor_01,03-01-07-01-01-01-01.wav,disgust,calm,0.3278184235095978,disgust,0.997517466545105,disgust,0.9995790123939514,0,1,1
Actor_01,03-01-07-01-01-02-01.wav,disgust,disgust,0.3522571623325348,disgust,0.9981757402420044,disgust,0.9994887113571168,1,1,1
Actor_01,03-01-07-01-02-01-01.wav,disgust,calm,0.3765181005001068,disgust,0.9977757334709167,disgust,0.9998810291290284,0,1,1
Actor_01,03-01-07-01-02-02-01.wav,disgust,disgust,0.3123957216739654,disgust,0.997209370136261,disgust,0.9996402263641356,1,1,1
Actor_01,03-01-07-02-01-01-01.wav,disgust,disgust,0.4209562838077545,disgust,0.9775828123092652,disgust,0.9903595447540284,1,1,1
Actor_01,03-01-07-02-01-02-01.wav,disgust,disgust,0.3079803586006164,disgust,0.998761773109436,disgust,0.9998143315315248,1,1,1
Actor_01,03-01-07-02-02-01-01.wav,disgust,disgust,0.4034801125526428,disgust,0.9674320220947266,disgust,0.9935251474380492,1,1,1
Actor_01,03-01-07-02-02-02-01.wav,disgust,disgust,0.4705276191234588,disgust,0.995808720588684,disgust,0.9991950392723083,1,1,1
Actor_01,03-01-08-01-01-01-01.wav,surprised,neutral,0.187874436378479,surprised,0.9925979375839232,surprised,0.9999790191650392,0,1,1
Actor_01,03-01-08-01-01-02-01.wav,surprised,neutral,0.2275785952806472,surprised,0.9954432249069214,surprised,0.9999831914901732,0,1,1
Actor_01,03-01-08-01-02-01-01.wav,surprised,calm,0.188802108168602,angry,0.2834475338459015,surprised,0.947872281074524,0,0,1
Actor_01,03-01-08-01-02-02-01.wav,surprised,surprised,0.2073418796062469,surprised,0.9963499307632446,surprised,0.9999815225601196,1,1,1
Actor_01,03-01-08-02-01-01-01.wav,surprised,happy,0.1857968270778656,surprised,0.7466543912887573,surprised,0.9929688572883606,0,1,1
Actor_01,03-01-08-02-01-02-01.wav,surprised,angry,0.2312991619110107,surprised,0.8061376810073853,surprised,0.9989230036735536,0,1,1
Actor_01,03-01-08-02-02-01-01.wav,surprised,angry,0.1637429296970367,surprised,0.6862908005714417,surprised,0.980219066143036,0,1,1
Actor_01,03-01-08-02-02-02-01.wav,surprised,surprised,0.2482973933219909,surprised,0.9964249730110168,surprised,0.9999721050262452,1,1,1
Actor_02,03-01-01-01-01-01-02.wav,neutral,angry,0.2430683076381683,neutral,0.9791770577430724,neutral,0.9918728470802308,0,1,1
Actor_02,03-01-01-01-01-02-02.wav,neutral,angry,0.2418830096721649,neutral,0.9990122318267822,neutral,0.999777853488922,0,1,1
Actor_02,03-01-01-01-02-01-02.wav,neutral,angry,0.3356741964817047,neutral,0.9980645775794984,neutral,0.9991557598114014,0,1,1
Actor_02,03-01-01-01-02-02-02.wav,neutral,angry,0.2378053367137909,neutral,0.9989880919456482,neutral,0.9996966123580932,0,1,1
Actor_02,03-01-02-01-01-01-02.wav,calm,disgust,0.2916408181190491,calm,0.9986372590065002,calm,0.9972032308578492,0,1,1
Actor_02,03-01-02-01-01-02-02.wav,calm,disgust,0.4077032208442688,calm,0.997654378414154,calm,0.9887474179267884,0,1,1
Actor_02,03-01-02-01-02-01-02.wav,calm,disgust,0.3046587705612182,calm,0.9963006973266602,calm,0.9952895641326904,0,1,1
Actor_02,03-01-02-01-02-02-02.wav,calm,disgust,0.4131558537483215,calm,0.8192967176437378,calm,0.9667711853981018,0,1,1
Actor_02,03-01-02-02-01-01-02.wav,calm,disgust,0.4608879685401916,calm,0.988416850566864,calm,0.9974242448806764,0,1,1
Actor_02,03-01-02-02-01-02-02.wav,calm,disgust,0.429844856262207,calm,0.9989559650421144,calm,0.9978644251823424,0,1,1
Actor_02,03-01-02-02-02-01-02.wav,calm,disgust,0.4455287158489227,calm,0.9971867203712464,calm,0.9980036616325378,0,1,1
Actor_02,03-01-02-02-02-02-02.wav,calm,disgust,0.4402584135532379,calm,0.99740332365036,calm,0.9959945678710938,0,1,1
Actor_02,03-01-03-01-01-01-02.wav,happy,angry,0.2253776341676712,happy,0.9987040758132936,happy,0.9996545314788818,0,1,1
Actor_02,03-01-03-01-01-02-02.wav,happy,angry,0.2979805171489715,happy,0.9989138841629028,happy,0.9995344877243042,0,1,1
Actor_02,03-01-03-01-02-01-02.wav,happy,angry,0.3220913410186767,happy,0.9981449842453004,happy,0.9990869760513306,0,1,1
Actor_02,03-01-03-01-02-02-02.wav,happy,angry,0.2996443510055542,happy,0.9976860284805298,happy,0.999152898788452,0,1,1
Actor_02,03-01-03-02-01-01-02.wav,happy,angry,0.2996712923049927,happy,0.9984831213951112,happy,0.999497652053833,0,1,1
Actor_02,03-01-03-02-01-02-02.wav,happy,angry,0.2838320136070251,happy,0.998363196849823,happy,0.9996941089630128,0,1,1
Actor_02,03-01-03-02-02-01-02.wav,happy,angry,0.2503834962844848,happy,0.9990715980529784,happy,0.9998328685760498,0,1,1
Actor_02,03-01-03-02-02-02-02.wav,happy,angry,0.3018959760665893,happy,0.994066596031189,happy,0.9992573857307434,0,1,1
Actor_02,03-01-04-01-01-01-02.wav,sad,disgust,0.2608756721019745,sad,0.8955511450767517,sad,0.7953227162361145,0,1,1
Actor_02,03-01-04-01-01-02-02.wav,sad,angry,0.2585101127624511,sad,0.9983537197113036,sad,0.9996191263198853,0,1,1
Actor_02,03-01-04-01-02-01-02.wav,sad,disgust,0.2555073201656341,sad,0.9571082592010498,sad,0.937964141368866,0,1,1
Actor_02,03-01-04-01-02-02-02.wav,sad,disgust,0.2627507150173187,sad,0.9338181614875792,sad,0.7045843601226807,0,1,1
Actor_02,03-01-04-02-01-01-02.wav,sad,angry,0.2833649516105652,sad,0.997311234474182,sad,0.999485731124878,0,1,1
Actor_02,03-01-04-02-01-02-02.wav,sad,angry,0.2858549654483795,sad,0.9985295534133912,sad,0.9979491829872132,0,1,1
Actor_02,03-01-04-02-02-01-02.wav,sad,angry,0.2576631903648376,sad,0.998172402381897,sad,0.9996705055236816,0,1,1
Actor_02,03-01-04-02-02-02-02.wav,sad,angry,0.2970572412014007,sad,0.9977898597717284,sad,0.9995703101158142,0,1,1
Actor_02,03-01-05-01-01-01-02.wav,angry,angry,0.3428336679935455,angry,0.9979985356330872,angry,0.9999622106552124,1,1,1
Actor_02,03-01-05-01-01-02-02.wav,angry,angry,0.4154521226882934,angry,0.9962077140808104,angry,0.9999128580093384,1,1,1
Actor_02,03-01-05-01-02-01-02.wav,angry,angry,0.3651907444000244,angry,0.9967799782752992,angry,0.9998834133148192,1,1,1
Actor_02,03-01-05-01-02-02-02.wav,angry,angry,0.3781602680683136,angry,0.9964524507522584,angry,0.9998236298561096,1,1,1
Actor_02,03-01-05-02-01-01-02.wav,angry,angry,0.5233156085014343,angry,0.9959973096847534,angry,0.9998681545257568,1,1,1
Actor_02,03-01-05-02-01-02-02.wav,angry,angry,0.5903301239013672,angry,0.99777489900589,angry,0.9999457597732544,1,1,1
Actor_02,03-01-05-02-02-01-02.wav,angry,angry,0.5500417351722717,angry,0.9976529479026794,angry,0.999915361404419,1,1,1
Actor_02,03-01-05-02-02-02-02.wav,angry,angry,0.6075743436813354,angry,0.7651835680007935,angry,0.9585636258125304,1,1,1
Actor_02,03-01-06-01-01-01-02.wav,fearful,fearful,0.4641385078430176,fearful,0.9891883730888368,fearful,0.9994933605194092,1,1,1
Actor_02,03-01-06-01-01-02-02.wav,fearful,fearful,0.3847722113132477,fearful,0.993293046951294,fearful,0.9998825788497924,1,1,1
Actor_02,03-01-06-01-02-01-02.wav,fearful,fearful,0.2917539775371551,fearful,0.9951175451278688,fearful,0.9998505115509032,1,1,1
Actor_02,03-01-06-01-02-02-02.wav,fearful,fearful,0.4175013899803161,fearful,0.9964970946311952,fearful,0.999977707862854,1,1,1
Actor_02,03-01-06-02-01-01-02.wav,fearful,happy,0.3416380286216736,fearful,0.9970092177391052,fearful,0.9999706745147704,0,1,1
Actor_02,03-01-06-02-01-02-02.wav,fearful,happy,0.401545912027359,fearful,0.9973936080932616,fearful,0.9999688863754272,0,1,1
Actor_02,03-01-06-02-02-01-02.wav,fearful,happy,0.3481040298938751,fearful,0.9976691603660583,fearful,0.999983549118042,0,1,1
Actor_02,03-01-06-02-02-02-02.wav,fearful,happy,0.3726008236408233,fearful,0.9940876960754396,fearful,0.9999068975448608,0,1,1
Actor_02,03-01-07-01-01-01-02.wav,disgust,angry,0.2370804548263549,disgust,0.9946183562278748,disgust,0.9991982579231262,0,1,1
Actor_02,03-01-07-01-01-02-02.wav,disgust,sad,0.1691479682922363,disgust,0.653167724609375,disgust,0.9132095575332642,0,1,1
Actor_02,03-01-07-01-02-01-02.wav,disgust,disgust,0.3513807356357574,disgust,0.9985879063606262,disgust,0.9998637437820436,1,1,1
Actor_02,03-01-07-01-02-02-02.wav,disgust,disgust,0.3239836692810058,disgust,0.9975367784500122,disgust,0.9997197985649108,1,1,1
Actor_02,03-01-07-02-01-01-02.wav,disgust,disgust,0.4422430992126465,disgust,0.9964770674705504,disgust,0.9998157620429992,1,1,1
Actor_02,03-01-07-02-01-02-02.wav,disgust,disgust,0.3971344530582428,disgust,0.9981415271759032,disgust,0.9998847246170044,1,1,1
Actor_02,03-01-07-02-02-01-02.wav,disgust,disgust,0.4287990629673004,disgust,0.997796893119812,disgust,0.9998373985290528,1,1,1
Actor_02,03-01-07-02-02-02-02.wav,disgust,disgust,0.4117656648159027,disgust,0.9985070824623108,disgust,0.999906063079834,1,1,1
Actor_02,03-01-08-01-01-01-02.wav,surprised,surprised,0.2810024321079254,neutral,0.3276208937168121,surprised,0.8387115001678467,1,0,1
Actor_02,03-01-08-01-01-02-02.wav,surprised,angry,0.2885329723358154,surprised,0.9966320395469666,surprised,0.9999680519104004,0,1,1
Actor_02,03-01-08-01-02-01-02.wav,surprised,angry,0.3093658685684204,surprised,0.9973269701004028,surprised,0.9999655485153198,0,1,1
Actor_02,03-01-08-01-02-02-02.wav,surprised,surprised,0.2598401308059692,surprised,0.9975125789642334,surprised,0.999964475631714,1,1,1
Actor_02,03-01-08-02-01-01-02.wav,surprised,angry,0.4112354516983032,surprised,0.9977776408195496,surprised,0.9999822378158568,0,1,1
Actor_02,03-01-08-02-01-02-02.wav,surprised,angry,0.4219882786273956,surprised,0.9971005320549012,surprised,0.9999774694442748,0,1,1
Actor_02,03-01-08-02-02-01-02.wav,surprised,angry,0.4239009320735931,surprised,0.9459533095359802,surprised,0.9976650476455688,0,1,1
Actor_02,03-01-08-02-02-02-02.wav,surprised,angry,0.4105779230594635,surprised,0.9964250922203064,surprised,0.9999674558639526,0,1,1
Actor_03,03-01-01-01-01-01-03.wav,neutral,happy,0.1791280806064605,neutral,0.9985467791557312,neutral,0.9998142123222352,0,1,1
Actor_03,03-01-01-01-01-02-03.wav,neutral,sad,0.2212304174900055,neutral,0.9978129863739014,neutral,0.9998656511306764,0,1,1
Actor_03,03-01-01-01-02-01-03.wav,neutral,sad,0.1624824255704879,neutral,0.9980875849723816,neutral,0.9998812675476074,0,1,1
Actor_03,03-01-01-01-02-02-03.wav,neutral,happy,0.1853330135345459,neutral,0.96158367395401,neutral,0.9775230288505554,0,1,1
Actor_03,03-01-02-01-01-01-03.wav,calm,calm,0.40230593085289,calm,0.997349500656128,calm,0.9842797517776488,1,1,1
Actor_03,03-01-02-01-01-02-03.wav,calm,calm,0.2823572158813476,calm,0.9982165694236756,calm,0.9960131645202636,1,1,1
Actor_03,03-01-02-01-02-01-03.wav,calm,calm,0.4131288230419159,calm,0.9981533885002136,calm,0.997614860534668,1,1,1
Actor_03,03-01-02-01-02-02-03.wav,calm,disgust,0.4053240716457367,calm,0.9968054294586182,calm,0.9941065311431884,0,1,1
Actor_03,03-01-02-02-01-01-03.wav,calm,sad,0.3768845498561859,calm,0.9981624484062196,calm,0.9982105493545532,0,1,1
Actor_03,03-01-02-02-01-02-03.wav,calm,calm,0.4249822497367859,calm,0.9976826906204224,calm,0.9973984956741332,1,1,1
Actor_03,03-01-02-02-02-01-03.wav,calm,calm,0.4017638266086578,calm,0.9458264112472534,calm,0.9937720894813538,1,1,1
Actor_03,03-01-02-02-02-02-03.wav,calm,calm,0.3890049159526825,calm,0.998635470867157,calm,0.99847811460495,1,1,1
Actor_03,03-01-03-01-01-01-03.wav,happy,sad,0.267939031124115,happy,0.996684730052948,happy,0.9976811408996582,0,1,1
Actor_03,03-01-03-01-01-02-03.wav,happy,sad,0.25738725066185,happy,0.9960694313049316,happy,0.9980993866920472,0,1,1
Actor_03,03-01-03-01-02-01-03.wav,happy,happy,0.200356513261795,happy,0.9971119165420532,happy,0.9986773133277892,1,1,1
Actor_03,03-01-03-01-02-02-03.wav,happy,sad,0.2074479162693023,happy,0.9974242448806764,happy,0.9986335635185242,0,1,1
Actor_03,03-01-03-02-01-01-03.wav,happy,angry,0.2690483629703522,happy,0.7426333427429199,happy,0.8717646598815918,0,1,1
Actor_03,03-01-03-02-01-02-03.wav,happy,disgust,0.3101962804794311,happy,0.9988378882408142,happy,0.9997910857200624,0,1,1
Actor_03,03-01-03-02-02-01-03.wav,happy,angry,0.373575896024704,happy,0.9959934949874878,happy,0.998738706111908,0,1,1
Actor_03,03-01-03-02-02-02-03.wav,happy,sad,0.3726770877838135,happy,0.997734785079956,happy,0.9994914531707764,0,1,1
Actor_03,03-01-04-01-01-01-03.wav,sad,calm,0.3022602796554565,sad,0.9991289973258972,sad,0.999784767627716,0,1,1
Actor_03,03-01-04-01-01-02-03.wav,sad,calm,0.3433380722999573,sad,0.9985405206680298,sad,0.9998195767402648,0,1,1
Actor_03,03-01-04-01-02-01-03.wav,sad,calm,0.3372338712215423,sad,0.9972158670425416,sad,0.9987448453903198,0,1,1
Actor_03,03-01-04-01-02-02-03.wav,sad,calm,0.3510378301143646,sad,0.9987099170684814,sad,0.9998738765716552,0,1,1
Actor_03,03-01-04-02-01-01-03.wav,sad,angry,0.3281419277191162,sad,0.9982695579528807,sad,0.9995763897895812,0,1,1
Actor_03,03-01-04-02-01-02-03.wav,sad,angry,0.352442979812622,sad,0.997239589691162,sad,0.999110996723175,0,1,1
Actor_03,03-01-04-02-02-01-03.wav,sad,sad,0.2302649617195129,sad,0.9985679388046264,sad,0.9992263317108154,1,1,1
Actor_03,03-01-04-02-02-02-03.wav,sad,disgust,0.2768752872943878,sad,0.9975124597549438,sad,0.9989625215530396,0,1,1
Actor_03,03-01-05-01-01-01-03.wav,angry,calm,0.4786894619464874,angry,0.9986026883125304,angry,0.999862790107727,0,1,1
Actor_03,03-01-05-01-01-02-03.wav,angry,disgust,0.3591901957988739,angry,0.9973215460777284,angry,0.9997177720069884,0,1,1
Actor_03,03-01-05-01-02-01-03.wav,angry,sad,0.2732206284999847,angry,0.9985839128494264,angry,0.999915599822998,0,1,1
Actor_03,03-01-05-01-02-02-03.wav,angry,sad,0.2717950642108917,angry,0.919368326663971,angry,0.9494034647941588,0,1,1
Actor_03,03-01-05-02-01-01-03.wav,angry,angry,0.4155726432800293,angry,0.9975479245185852,angry,0.9998767375946044,1,1,1
Actor_03,03-01-05-02-01-02-03.wav,angry,angry,0.4072217345237732,angry,0.998219668865204,angry,0.9998689889907836,1,1,1
Actor_03,03-01-05-02-02-01-03.wav,angry,angry,0.3702293038368225,angry,0.8508093953132629,angry,0.7647547721862793,1,1,1
Actor_03,03-01-05-02-02-02-03.wav,angry,angry,0.4145557284355163,angry,0.9984377026557922,angry,0.9999420642852784,1,1,1
Actor_03,03-01-06-01-01-01-03.wav,fearful,calm,0.2858286201953888,disgust,0.5529451966285706,fearful,0.9489262700080872,0,0,1
Actor_03,03-01-06-01-01-02-03.wav,fearful,calm,0.4312097430229187,fearful,0.9947868585586548,fearful,0.9999721050262452,0,1,1
Actor_03,03-01-06-01-02-01-03.wav,fearful,sad,0.2160045355558395,fearful,0.6003496050834656,fearful,0.9860153198242188,0,1,1
Actor_03,03-01-06-01-02-02-03.wav,fearful,fearful,0.2843762338161468,fearful,0.4169686138629913,fearful,0.9601982831954956,1,1,1
Actor_03,03-01-06-02-01-01-03.wav,fearful,fearful,0.3229592144489288,fearful,0.997260808944702,fearful,0.999988317489624,1,1,1
Actor_03,03-01-06-02-01-02-03.wav,fearful,sad,0.3012615144252777,fearful,0.992167055606842,fearful,0.9999055862426758,0,1,1
Actor_03,03-01-06-02-02-01-03.wav,fearful,fearful,0.5280003547668457,fearful,0.9962892532348632,fearful,0.999979853630066,1,1,1
Actor_03,03-01-06-02-02-02-03.wav,fearful,fearful,0.7663449645042419,fearful,0.9474297165870668,fearful,0.9996379613876344,1,1,1
Actor_03,03-01-07-01-01-01-03.wav,disgust,disgust,0.3635383248329162,disgust,0.9944249391555786,disgust,0.999065101146698,1,1,1
Actor_03,03-01-07-01-01-02-03.wav,disgust,disgust,0.3951703310012817,disgust,0.9974484443664552,disgust,0.9994081258773804,1,1,1
Actor_03,03-01-07-01-02-01-03.wav,disgust,sad,0.2447166591882705,disgust,0.9975345134735109,disgust,0.9997848868370056,0,1,1
Actor_03,03-01-07-01-02-02-03.wav,disgust,sad,0.2775708436965942,disgust,0.9970234036445618,disgust,0.9996764659881592,0,1,1
Actor_03,03-01-07-02-01-01-03.wav,disgust,disgust,0.3742164671421051,disgust,0.9979162812232972,disgust,0.9994148015975952,1,1,1
Actor_03,03-01-07-02-01-02-03.wav,disgust,calm,0.3950845897197723,disgust,0.9980342984199524,disgust,0.9998441934585572,0,1,1
Actor_03,03-01-07-02-02-01-03.wav,disgust,disgust,0.3792797923088074,disgust,0.9965432286262512,disgust,0.9987849593162536,1,1,1
Actor_03,03-01-07-02-02-02-03.wav,disgust,disgust,0.3451333940029144,disgust,0.9973973035812378,disgust,0.9995725750923156,1,1,1
Actor_03,03-01-08-01-01-01-03.wav,surprised,surprised,0.2500832974910736,surprised,0.992563784122467,surprised,0.9999052286148072,1,1,1
Actor_03,03-01-08-01-01-02-03.wav,surprised,happy,0.2059615105390548,surprised,0.9968283772468568,surprised,0.9998799562454224,0,1,1
Actor_03,03-01-08-01-02-01-03.wav,surprised,surprised,0.2739657163619995,surprised,0.9956066012382508,surprised,0.9999351501464844,1,1,1
Actor_03,03-01-08-01-02-02-03.wav,surprised,angry,0.1865314841270446,disgust,0.2803232073783874,surprised,0.8986132740974426,0,0,1
Actor_03,03-01-08-02-01-01-03.wav,surprised,surprised,0.2681865096092224,surprised,0.996762752532959,surprised,0.99985933303833,1,1,1
Actor_03,03-01-08-02-01-02-03.wav,surprised,angry,0.251697838306427,surprised,0.9974085688591005,surprised,0.9999523162841796,0,1,1
Actor_03,03-01-08-02-02-01-03.wav,surprised,happy,0.2587090730667114,surprised,0.9973093271255492,surprised,0.9999347925186156,0,1,1
Actor_03,03-01-08-02-02-02-03.wav,surprised,surprised,0.2458834201097488,surprised,0.9965288043022156,surprised,0.9999161958694458,1,1,1
Actor_04,03-01-01-01-01-01-04.wav,neutral,surprised,0.2739772200584411,neutral,0.9979448914527892,neutral,0.9997381567955016,0,1,1
Actor_04,03-01-01-01-01-02-04.wav,neutral,happy,0.237005665898323,calm,0.9645734429359436,neutral,0.9581772685050964,0,0,1
Actor_04,03-01-01-01-02-01-04.wav,neutral,surprised,0.3221245408058166,neutral,0.9985294342041016,neutral,0.999931573867798,0,1,1
Actor_04,03-01-01-01-02-02-04.wav,neutral,surprised,0.2897808253765106,neutral,0.9986832737922668,neutral,0.9999169111251832,0,1,1
Actor_04,03-01-02-01-01-01-04.wav,calm,disgust,0.2804725468158722,calm,0.9970700740814208,calm,0.9329362511634828,0,1,1
Actor_04,03-01-02-01-01-02-04.wav,calm,disgust,0.1991927623748779,calm,0.99809330701828,calm,0.9963231086730956,0,1,1
Actor_04,03-01-02-01-02-01-04.wav,calm,sad,0.1964385062456131,calm,0.9987253546714784,calm,0.988105297088623,0,1,1
Actor_04,03-01-02-01-02-02-04.wav,calm,sad,0.2741481363773346,calm,0.9974231719970704,calm,0.9961975812911988,0,1,1
Actor_04,03-01-02-02-01-01-04.wav,calm,disgust,0.3879342973232269,calm,0.997669756412506,calm,0.9946468472480774,0,1,1
Actor_04,03-01-02-02-01-02-04.wav,calm,sad,0.3326863050460815,calm,0.997381627559662,calm,0.9909138679504396,0,1,1
Actor_04,03-01-02-02-02-01-04.wav,calm,sad,0.332198292016983,calm,0.9965465664863586,calm,0.9949777722358704,0,1,1
Actor_04,03-01-02-02-02-02-04.wav,calm,disgust,0.4304538369178772,happy,0.9381291270256042,calm,0.8037558197975159,0,0,1
Actor_04,03-01-03-01-01-01-04.wav,happy,happy,0.2083149552345276,happy,0.9978493452072144,happy,0.9985030889511108,1,1,1
Actor_04,03-01-03-01-01-02-04.wav,happy,surprised,0.289433479309082,happy,0.99897962808609,happy,0.998377561569214,0,1,1
Actor_04,03-01-03-01-02-01-04.wav,happy,surprised,0.2234827727079391,happy,0.9988009929656982,happy,0.9994534850120544,0,1,1
Actor_04,03-01-03-01-02-02-04.wav,happy,surprised,0.3222339451313019,happy,0.9985949397087096,happy,0.9995471835136414,0,1,1
Actor_04,03-01-03-02-01-01-04.wav,happy,angry,0.3069016337394714,happy,0.9253766536712646,happy,0.9869419932365416,0,1,1
Actor_04,03-01-03-02-01-02-04.wav,happy,angry,0.3084613084793091,happy,0.9984228610992432,happy,0.999312162399292,0,1,1
Actor_04,03-01-03-02-02-01-04.wav,happy,angry,0.3513022065162658,happy,0.9992504715919496,happy,0.9995866417884828,0,1,1
Actor_04,03-01-03-02-02-02-04.wav,happy,angry,0.3509851098060608,happy,0.9988088607788086,happy,0.999572455883026,0,1,1
Actor_04,03-01-04-01-01-01-04.wav,sad,surprised,0.2495630234479904,sad,0.9959101676940918,sad,0.9988522529602052,0,1,1
Actor_04,03-01-04-01-01-02-04.wav,sad,happy,0.267659455537796,sad,0.965023636817932,sad,0.9857916831970216,0,1,1
Actor_04,03-01-04-01-02-01-04.wav,sad,happy,0.2762714624404907,sad,0.998166561126709,sad,0.9992885589599608,0,1,1
Actor_04,03-01-04-01-02-02-04.wav,sad,happy,0.2840624451637268,sad,0.9971432089805604,sad,0.9992089867591858,0,1,1
Actor_04,03-01-04-02-01-01-04.wav,sad,angry,0.3059331178665161,sad,0.9962730407714844,sad,0.9998792409896852,0,1,1
Actor_04,03-01-04-02-01-02-04.wav,sad,angry,0.3722858428955078,sad,0.9590262174606324,sad,0.9940685033798218,0,1,1
Actor_04,03-01-04-02-02-01-04.wav,sad,happy,0.3499978184700012,sad,0.9988083839416504,sad,0.9998718500137328,0,1,1
Actor_04,03-01-04-02-02-02-04.wav,sad,angry,0.3623456656932831,sad,0.9979777932167052,sad,0.9998210072517396,0,1,1
Actor_04,03-01-05-01-01-01-04.wav,angry,angry,0.420077234506607,angry,0.9968826770782472,angry,0.9998077750205994,1,1,1
Actor_04,03-01-05-01-01-02-04.wav,angry,angry,0.3790598511695862,angry,0.9962397813796996,angry,0.9998466968536376,1,1,1
Actor_04,03-01-05-01-02-01-04.wav,angry,surprised,0.2804932594299316,angry,0.9977046847343444,angry,0.9998663663864136,0,1,1
Actor_04,03-01-05-01-02-02-04.wav,angry,angry,0.413524717092514,angry,0.9973201155662536,angry,0.99992036819458,1,1,1
Actor_04,03-01-05-02-01-01-04.wav,angry,angry,0.3977898061275482,angry,0.9986648559570312,angry,0.99996018409729,1,1,1
Actor_04,03-01-05-02-01-02-04.wav,angry,angry,0.5721319317817688,angry,0.9972999691963196,angry,0.9998884201049804,1,1,1
Actor_04,03-01-05-02-02-01-04.wav,angry,angry,0.3748641908168793,angry,0.9974085688591005,angry,0.999924659729004,1,1,1
Actor_04,03-01-05-02-02-02-04.wav,angry,angry,0.4961384236812591,angry,0.7274491190910339,angry,0.9580079913139344,1,1,1
Actor_04,03-01-06-01-01-01-04.wav,fearful,fearful,0.3341721296310425,fearful,0.961894392967224,fearful,0.9986625909805298,1,1,1
Actor_04,03-01-06-01-01-02-04.wav,fearful,fearful,0.2994255423545837,fearful,0.9958086013793944,fearful,0.9999549388885498,1,1,1
Actor_04,03-01-06-01-02-01-04.wav,fearful,fearful,0.3401598930358886,fearful,0.5513477921485901,fearful,0.9633795022964478,1,1,1
Actor_04,03-01-06-01-02-02-04.wav,fearful,fearful,0.3285388052463531,fearful,0.9950610995292664,fearful,0.9999324083328248,1,1,1
Actor_04,03-01-06-02-01-01-04.wav,fearful,happy,0.2819127142429352,fearful,0.998272180557251,fearful,0.9999896287918092,0,1,1
Actor_04,03-01-06-02-01-02-04.wav,fearful,fearful,0.3349500894546509,fearful,0.9967514276504515,fearful,0.9999680519104004,1,1,1
Actor_04,03-01-06-02-02-01-04.wav,fearful,happy,0.2732241749763489,fearful,0.99601811170578,fearful,0.9999730587005616,0,1,1
Actor_04,03-01-06-02-02-02-04.wav,fearful,happy,0.2833703756332397,fearful,0.9962595701217652,fearful,0.9999133348464966,0,1,1
Actor_04,03-01-07-01-01-01-04.wav,disgust,angry,0.3858749568462372,disgust,0.9963743090629578,disgust,0.9989538192749025,0,1,1
Actor_04,03-01-07-01-01-02-04.wav,disgust,angry,0.3824281692504883,disgust,0.9972591400146484,disgust,0.9984830021858216,0,1,1
Actor_04,03-01-07-01-02-01-04.wav,disgust,angry,0.4116413295269012,disgust,0.9968411922454834,disgust,0.9991846680641174,0,1,1
Actor_04,03-01-07-01-02-02-04.wav,disgust,angry,0.4648882448673248,disgust,0.9969657063484192,disgust,0.9992185831069946,0,1,1
Actor_04,03-01-07-02-01-01-04.wav,disgust,angry,0.6062098145484924,disgust,0.9969800114631652,disgust,0.9989032745361328,0,1,1
Actor_04,03-01-07-02-01-02-04.wav,disgust,angry,0.3894856572151184,disgust,0.9975153207778932,disgust,0.9991937279701232,0,1,1
Actor_04,03-01-07-02-02-01-04.wav,disgust,angry,0.2900413870811462,disgust,0.9969815611839294,disgust,0.999005138874054,0,1,1
Actor_04,03-01-07-02-02-02-04.wav,disgust,angry,0.4358566701412201,disgust,0.996832311153412,disgust,0.9980720281600952,0,1,1
Actor_04,03-01-08-01-01-01-04.wav,surprised,surprised,0.4453209042549133,surprised,0.9970929622650146,surprised,0.9999793767929076,1,1,1
Actor_04,03-01-08-01-01-02-04.wav,surprised,surprised,0.4253383576869964,surprised,0.9968298077583312,surprised,0.9999613761901855,1,1,1
Actor_04,03-01-08-01-02-01-04.wav,surprised,angry,0.2991998195648193,surprised,0.9961953163146972,surprised,0.9999302625656128,0,1,1
Actor_04,03-01-08-01-02-02-04.wav,surprised,surprised,0.3186250925064087,surprised,0.995233952999115,surprised,0.9998890161514282,1,1,1
Actor_04,03-01-08-02-01-01-04.wav,surprised,angry,0.3999708890914917,surprised,0.9980021119117736,surprised,0.9999713897705078,0,1,1
Actor_04,03-01-08-02-01-02-04.wav,surprised,happy,0.2828282415866852,surprised,0.9973441958427428,surprised,0.9998873472213744,0,1,1
Actor_04,03-01-08-02-02-01-04.wav,surprised,surprised,0.3636262714862823,surprised,0.9954298734664916,surprised,0.9998725652694702,1,1,1
Actor_04,03-01-08-02-02-02-04.wav,surprised,angry,0.282383382320404,surprised,0.9975548386573792,surprised,0.9999676942825316,0,1,1
Actor_05,03-01-01-01-01-01-05.wav,neutral,calm,0.2798373997211456,neutral,0.9987074136734008,neutral,0.999964952468872,0,1,1
Actor_05,03-01-01-01-01-02-05.wav,neutral,calm,0.3808752298355102,neutral,0.9734795093536376,neutral,0.9993090629577636,0,1,1
Actor_05,03-01-01-01-02-01-05.wav,neutral,neutral,0.245929330587387,neutral,0.9985962510108948,neutral,0.9999452829360962,1,1,1
Actor_05,03-01-01-01-02-02-05.wav,neutral,calm,0.2062063515186309,neutral,0.998595654964447,neutral,0.9999709129333496,0,1,1
Actor_05,03-01-02-01-01-01-05.wav,calm,calm,0.5558288097381592,calm,0.9975323677062988,calm,0.9979743361473083,1,1,1
Actor_05,03-01-02-01-01-02-05.wav,calm,calm,0.7073866724967957,calm,0.9973949193954468,calm,0.9952926635742188,1,1,1
Actor_05,03-01-02-01-02-01-05.wav,calm,calm,0.6325708627700806,calm,0.9981173276901244,calm,0.9982362985610962,1,1,1
Actor_05,03-01-02-01-02-02-05.wav,calm,calm,0.3959702849388122,calm,0.9972719550132751,calm,0.9984031319618224,1,1,1
Actor_05,03-01-02-02-01-01-05.wav,calm,calm,0.5154831409454346,calm,0.998664617538452,calm,0.9985752105712892,1,1,1
Actor_05,03-01-02-02-01-02-05.wav,calm,calm,0.7589629888534546,calm,0.99772971868515,calm,0.9980790615081788,1,1,1
Actor_05,03-01-02-02-02-01-05.wav,calm,calm,0.6767070293426514,calm,0.9989739656448364,calm,0.9986503720283508,1,1,1
Actor_05,03-01-02-02-02-02-05.wav,calm,calm,0.7334387898445129,calm,0.9992437362670898,calm,0.9995367527008056,1,1,1
Actor_05,03-01-03-01-01-01-05.wav,happy,disgust,0.3916210830211639,happy,0.9974575638771056,happy,0.9970959424972534,0,1,1
Actor_05,03-01-03-01-01-02-05.wav,happy,neutral,0.2407231330871582,happy,0.62107253074646,happy,0.9261335134506226,0,1,1
Actor_05,03-01-03-01-02-01-05.wav,happy,neutral,0.208217591047287,happy,0.9989584684371948,happy,0.999811589717865,0,1,1
Actor_05,03-01-03-01-02-02-05.wav,happy,disgust,0.2902250587940216,happy,0.997458279132843,happy,0.9994845390319824,0,1,1
Actor_05,03-01-03-02-01-01-05.wav,happy,disgust,0.3919664919376373,happy,0.9974435567855836,happy,0.9975069165229796,0,1,1
Actor_05,03-01-03-02-01-02-05.wav,happy,angry,0.4123392403125763,happy,0.9987939596176147,happy,0.9989359974861144,0,1,1
Actor_05,03-01-03-02-02-01-05.wav,happy,angry,0.2070356011390686,happy,0.9978140592575072,happy,0.9990204572677612,0,1,1
Actor_05,03-01-03-02-02-02-05.wav,happy,happy,0.2303928136825561,happy,0.9984612464904784,happy,0.9994055032730104,1,1,1
Actor_05,03-01-04-01-01-01-05.wav,sad,calm,0.2863259315490722,sad,0.9983739852905272,sad,0.9994906187057496,0,1,1
Actor_05,03-01-04-01-01-02-05.wav,sad,calm,0.4604652225971222,sad,0.998099148273468,sad,0.9995642304420472,0,1,1
Actor_05,03-01-04-01-02-01-05.wav,sad,fearful,0.2774869799613952,sad,0.998665452003479,sad,0.999450147151947,0,1,1
Actor_05,03-01-04-01-02-02-05.wav,sad,calm,0.5948882102966309,sad,0.9983251690864564,sad,0.9992159605026244,0,1,1
Actor_05,03-01-04-02-01-01-05.wav,sad,calm,0.3918790817260742,sad,0.998660683631897,sad,0.9997382760047911,0,1,1
Actor_05,03-01-04-02-01-02-05.wav,sad,calm,0.2722831666469574,sad,0.9435503482818604,sad,0.9901548624038696,0,1,1
Actor_05,03-01-04-02-02-01-05.wav,sad,happy,0.2048870176076889,sad,0.9981563687324524,sad,0.9998028874397278,0,1,1
Actor_05,03-01-04-02-02-02-05.wav,sad,neutral,0.2641832232475281,sad,0.9979308843612672,sad,0.9997904896736144,0,1,1
Actor_05,03-01-05-01-01-01-05.wav,angry,angry,0.3482396304607391,angry,0.8972436189651489,angry,0.9733232855796814,1,1,1
Actor_05,03-01-05-01-01-02-05.wav,angry,disgust,0.3204319179058075,angry,0.96618914604187,angry,0.9963913559913636,0,1,1
Actor_05,03-01-05-01-02-01-05.wav,angry,disgust,0.3708654940128326,angry,0.9978355765342712,angry,0.9999393224716188,0,1,1
Actor_05,03-01-05-01-02-02-05.wav,angry,disgust,0.5098270773887634,angry,0.9973590970039368,angry,0.9998257756233216,0,1,1
Actor_05,03-01-05-02-01-01-05.wav,angry,surprised,0.3757522702217102,angry,0.9383505582809448,angry,0.9787943363189696,0,1,1
Actor_05,03-01-05-02-01-02-05.wav,angry,surprised,0.3371480405330658,angry,0.9977534413337708,angry,0.9998815059661864,0,1,1
Actor_05,03-01-05-02-02-01-05.wav,angry,angry,0.347292810678482,angry,0.997157096862793,angry,0.9997521042823792,1,1,1
Actor_05,03-01-05-02-02-02-05.wav,angry,angry,0.3697761595249176,angry,0.997753918170929,angry,0.9998540878295898,1,1,1
Actor_05,03-01-06-01-01-01-05.wav,fearful,surprised,0.2534334063529968,fearful,0.9986734390258788,fearful,0.9999939203262328,0,1,1
Actor_05,03-01-06-01-01-02-05.wav,fearful,neutral,0.2053704112768173,fearful,0.9973100423812866,fearful,0.9999794960021972,0,1,1
Actor_05,03-01-06-01-02-01-05.wav,fearful,neutral,0.2399906665086746,fearful,0.997404396533966,fearful,0.9999864101409912,0,1,1
Actor_05,03-01-06-01-02-02-05.wav,fearful,surprised,0.308518499135971,fearful,0.9963051080703736,fearful,0.9999721050262452,0,1,1
Actor_05,03-01-06-02-01-01-05.wav,fearful,surprised,0.4085740149021148,fearful,0.9967212080955504,fearful,0.999974012374878,0,1,1
Actor_05,03-01-06-02-01-02-05.wav,fearful,fearful,0.2901425957679748,fearful,0.9967702627182008,fearful,0.999981164932251,1,1,1
Actor_05,03-01-06-02-02-01-05.wav,fearful,surprised,0.2743092477321625,fearful,0.9955407977104188,fearful,0.9999600648880004,0,1,1
Actor_05,03-01-06-02-02-02-05.wav,fearful,fearful,0.4918160438537597,fearful,0.9981400966644288,fearful,0.9999910593032836,1,1,1
Actor_05,03-01-07-01-01-01-05.wav,disgust,disgust,0.4070236980915069,disgust,0.9559981226921082,disgust,0.9985141158103944,1,1,1
Actor_05,03-01-07-01-01-02-05.wav,disgust,disgust,0.4304668307304382,disgust,0.995908260345459,disgust,0.999293088912964,1,1,1
Actor_05,03-01-07-01-02-01-05.wav,disgust,calm,0.3954911530017853,disgust,0.9954255223274232,disgust,0.9994827508926392,0,1,1
Actor_05,03-01-07-01-02-02-05.wav,disgust,disgust,0.2239258736371994,disgust,0.9964648485183716,disgust,0.999555766582489,1,1,1
Actor_05,03-01-07-02-01-01-05.wav,disgust,disgust,0.5070624947547913,disgust,0.9966263771057128,disgust,0.99970144033432,1,1,1
Actor_05,03-01-07-02-01-02-05.wav,disgust,disgust,0.3627716302871704,disgust,0.8373535871505737,disgust,0.9920949339866638,1,1,1
Actor_05,03-01-07-02-02-01-05.wav,disgust,disgust,0.4490619897842407,disgust,0.9971998929977416,disgust,0.9990956783294678,1,1,1
Actor_05,03-01-07-02-02-02-05.wav,disgust,disgust,0.444150298833847,calm,0.5765680074691772,disgust,0.9646309018135072,1,0,1
Actor_05,03-01-08-01-01-01-05.wav,surprised,angry,0.2524695694446563,surprised,0.9924586415290833,surprised,0.9999022483825684,0,1,1
Actor_05,03-01-08-01-01-02-05.wav,surprised,angry,0.2771686911582947,surprised,0.9954171180725098,surprised,0.99992036819458,0,1,1
Actor_05,03-01-08-01-02-01-05.wav,surprised,surprised,0.4414092302322387,surprised,0.997441291809082,surprised,0.9999815225601196,1,1,1
Actor_05,03-01-08-01-02-02-05.wav,surprised,disgust,0.2373541891574859,surprised,0.9962247610092164,surprised,0.9999613761901855,0,1,1
Actor_05,03-01-08-02-01-01-05.wav,surprised,disgust,0.3894287347793579,surprised,0.9968507885932922,surprised,0.999961256980896,0,1,1
Actor_05,03-01-08-02-01-02-05.wav,surprised,angry,0.4157257974147796,surprised,0.9962828755378724,surprised,0.9999610185623168,0,1,1
Actor_05,03-01-08-02-02-01-05.wav,surprised,angry,0.2705953419208526,surprised,0.9989696741104126,surprised,0.9999960660934448,0,1,1
Actor_05,03-01-08-02-02-02-05.wav,surprised,angry,0.2093021422624588,surprised,0.9986752867698668,surprised,0.9999949932098388,0,1,1
Actor_06,03-01-01-01-01-01-06.wav,neutral,happy,0.2338850647211074,neutral,0.9522406458854676,neutral,0.9990735054016112,0,1,1
Actor_06,03-01-01-01-01-02-06.wav,neutral,sad,0.2280396670103073,neutral,0.9946810603141784,neutral,0.9997395873069764,0,1,1
Actor_06,03-01-01-01-02-01-06.wav,neutral,happy,0.2347603738307953,sad,0.6046600937843323,sad,0.4640766680240631,0,0,0
Actor_06,03-01-01-01-02-02-06.wav,neutral,happy,0.1967851966619491,neutral,0.9976097345352172,neutral,0.9997472167015076,0,1,1
Actor_06,03-01-02-01-01-01-06.wav,calm,calm,0.5514007806777954,calm,0.9986481070518494,calm,0.9941060543060304,1,1,1
Actor_06,03-01-02-01-01-02-06.wav,calm,calm,0.6171714663505554,calm,0.9982709884643556,calm,0.9975388050079346,1,1,1
Actor_06,03-01-02-01-02-01-06.wav,calm,calm,0.5068767666816711,calm,0.9985918402671814,calm,0.9945698380470276,1,1,1
Actor_06,03-01-02-01-02-02-06.wav,calm,calm,0.4870904684066772,calm,0.9970877766609192,calm,0.9985417127609252,1,1,1
Actor_06,03-01-02-02-01-01-06.wav,calm,calm,0.5764304399490356,calm,0.9980029463768004,calm,0.9975186586380004,1,1,1
Actor_06,03-01-02-02-01-02-06.wav,calm,calm,0.6273356676101685,calm,0.9983249306678772,calm,0.994631052017212,1,1,1
Actor_06,03-01-02-02-02-01-06.wav,calm,calm,0.7227036952972412,calm,0.8570293188095093,calm,0.9438790678977966,1,1,1
Actor_06,03-01-02-02-02-02-06.wav,calm,calm,0.7956698536872864,calm,0.9976606369018556,calm,0.9979040622711182,1,1,1
Actor_06,03-01-03-01-01-01-06.wav,happy,fearful,0.3333998620510101,happy,0.9962254762649536,happy,0.9981420040130616,0,1,1
Actor_06,03-01-03-01-01-02-06.wav,happy,happy,0.2894298136234283,happy,0.9979081153869628,happy,0.9988366961479188,1,1,1
Actor_06,03-01-03-01-02-01-06.wav,happy,happy,0.2653214633464813,happy,0.9985949397087096,happy,0.9994083642959596,1,1,1
Actor_06,03-01-03-01-02-02-06.wav,happy,happy,0.3206289112567901,happy,0.9952911138534546,happy,0.9974331259727478,1,1,1
Actor_06,03-01-03-02-01-01-06.wav,happy,fearful,0.7290247678756714,happy,0.9990793466567992,happy,0.999835968017578,0,1,1
Actor_06,03-01-03-02-01-02-06.wav,happy,fearful,0.5607433915138245,happy,0.9981884360313416,happy,0.9993763566017152,0,1,1
Actor_06,03-01-03-02-02-01-06.wav,happy,fearful,0.6446519494056702,happy,0.9990081191062928,happy,0.9997585415840148,0,1,1
Actor_06,03-01-03-02-02-02-06.wav,happy,fearful,0.7487163543701172,happy,0.9976187348365784,happy,0.9988850951194764,0,1,1
Actor_06,03-01-04-01-01-01-06.wav,sad,sad,0.2942039668560028,sad,0.9983522891998292,sad,0.9998075366020204,1,1,1
Actor_06,03-01-04-01-01-02-06.wav,sad,sad,0.3534221649169922,sad,0.9982166886329652,sad,0.9998550415039062,1,1,1
Actor_06,03-01-04-01-02-01-06.wav,sad,happy,0.2198317497968673,sad,0.810385525226593,sad,0.9464070796966552,0,1,1
Actor_06,03-01-04-01-02-02-06.wav,sad,sad,0.2085644900798797,sad,0.9980467557907104,sad,0.9990511536598206,1,1,1
Actor_06,03-01-04-02-01-01-06.wav,sad,sad,0.2893183827400207,sad,0.9962551593780518,sad,0.9997575879096984,1,1,1
Actor_06,03-01-04-02-01-02-06.wav,sad,angry,0.4832633435726166,sad,0.9972202777862548,sad,0.9998186230659484,0,1,1
Actor_06,03-01-04-02-02-01-06.wav,sad,angry,0.5729629993438721,sad,0.9975442290306092,sad,0.9999120235443116,0,1,1
Actor_06,03-01-04-02-02-02-06.wav,sad,angry,0.2688668072223663,sad,0.9980515241622924,sad,0.9995198249816896,0,1,1
Actor_06,03-01-05-01-01-01-06.wav,angry,angry,0.2556010484695434,angry,0.9979015588760376,angry,0.999891757965088,1,1,1
Actor_06,03-01-05-01-01-02-06.wav,angry,angry,0.2943994104862213,angry,0.963331401348114,angry,0.997825026512146,1,1,1
Actor_06,03-01-05-01-02-01-06.wav,angry,angry,0.3135504722595215,angry,0.996128797531128,angry,0.9998941421508788,1,1,1
Actor_06,03-01-05-01-02-02-06.wav,angry,angry,0.3841179013252258,angry,0.9980181455612184,angry,0.999930739402771,1,1,1
Actor_06,03-01-05-02-01-01-06.wav,angry,angry,0.335715502500534,angry,0.99720960855484,angry,0.9999392032623292,1,1,1
Actor_06,03-01-05-02-01-02-06.wav,angry,angry,0.36922287940979,angry,0.9984657764434814,angry,0.999958634376526,1,1,1
Actor_06,03-01-05-02-02-01-06.wav,angry,happy,0.2997799515724182,angry,0.9882993698120116,angry,0.999642014503479,0,1,1
Actor_06,03-01-05-02-02-02-06.wav,angry,fearful,0.4013164341449737,angry,0.9981879591941832,angry,0.9999589920043944,0,1,1
Actor_06,03-01-06-01-01-01-06.wav,fearful,happy,0.2175110578536987,fearful,0.9966527819633484,fearful,0.9999547004699708,0,1,1
Actor_06,03-01-06-01-01-02-06.wav,fearful,fearful,0.3124911785125732,fearful,0.9929620623588562,fearful,0.9998880624771118,1,1,1
Actor_06,03-01-06-01-02-01-06.wav,fearful,fearful,0.2865152657032013,fearful,0.9281721115112304,fearful,0.990689754486084,1,1,1
Actor_06,03-01-06-01-02-02-06.wav,fearful,happy,0.2476538121700287,fearful,0.9926066398620604,fearful,0.9998658895492554,0,1,1
Actor_06,03-01-06-02-01-01-06.wav,fearful,fearful,0.834418535232544,fearful,0.9928501844406128,fearful,0.9998058676719666,1,1,1
Actor_06,03-01-06-02-01-02-06.wav,fearful,fearful,0.7282294631004333,fearful,0.9963866472244264,fearful,0.9999688863754272,1,1,1
Actor_06,03-01-06-02-02-01-06.wav,fearful,fearful,0.6793253421783447,fearful,0.9710922837257384,fearful,0.99934059381485,1,1,1
Actor_06,03-01-06-02-02-02-06.wav,fearful,fearful,0.8010739088058472,fearful,0.9958372116088868,fearful,0.9999432563781738,1,1,1
Actor_06,03-01-07-01-01-01-06.wav,disgust,sad,0.2992179989814758,disgust,0.9966151118278505,disgust,0.9996616840362548,0,1,1
Actor_06,03-01-07-01-01-02-06.wav,disgust,disgust,0.3915556073188782,disgust,0.9980610013008118,disgust,0.9995328187942504,1,1,1
Actor_06,03-01-07-01-02-01-06.wav,disgust,disgust,0.2068487256765365,disgust,0.9963724613189696,disgust,0.9995243549346924,1,1,1
Actor_06,03-01-07-01-02-02-06.wav,disgust,disgust,0.3491705358028412,disgust,0.9980276226997375,disgust,0.9998158812522888,1,1,1
Actor_06,03-01-07-02-01-01-06.wav,disgust,angry,0.3538320660591125,disgust,0.9978713989257812,disgust,0.9996798038482666,0,1,1
Actor_06,03-01-07-02-01-02-06.wav,disgust,angry,0.4508202075958252,disgust,0.9966576099395752,disgust,0.9995704293251038,0,1,1
Actor_06,03-01-07-02-02-01-06.wav,disgust,angry,0.4151289463043213,disgust,0.9979028701782228,disgust,0.9995356798171996,0,1,1
Actor_06,03-01-07-02-02-02-06.wav,disgust,angry,0.4243777990341186,disgust,0.9987492561340332,disgust,0.999863624572754,0,1,1
Actor_06,03-01-08-01-01-01-06.wav,surprised,surprised,0.2322265952825546,surprised,0.9965301156044006,surprised,0.999968409538269,1,1,1
Actor_06,03-01-08-01-01-02-06.wav,surprised,surprised,0.266215443611145,surprised,0.9966698288917542,surprised,0.9999815225601196,1,1,1
Actor_06,03-01-08-01-02-01-06.wav,surprised,surprised,0.2923383414745331,surprised,0.9972214698791504,surprised,0.9999808073043824,1,1,1
Actor_06,03-01-08-01-02-02-06.wav,surprised,fearful,0.4877077937126159,surprised,0.997444987297058,surprised,0.9999791383743286,0,1,1
Actor_06,03-01-08-02-01-01-06.wav,surprised,fearful,0.408694326877594,surprised,0.9964712858200072,surprised,0.999962329864502,0,1,1
Actor_06,03-01-08-02-01-02-06.wav,surprised,fearful,0.330581396818161,surprised,0.997588872909546,surprised,0.999968647956848,0,1,1
Actor_06,03-01-08-02-02-01-06.wav,surprised,fearful,0.4170501232147217,surprised,0.997891366481781,surprised,0.9999778270721436,0,1,1
Actor_06,03-01-08-02-02-02-06.wav,surprised,fearful,0.4784010350704193,surprised,0.7805841565132141,surprised,0.9752968549728394,0,1,1
